evodex_m,evodex_f
EVODEX-M1,EVODEX-F1
EVODEX-M1,EVODEX-F1
EVODEX-M1,EVODEX-F1
EVODEX-M1,EVODEX-F1
EVODEX-M1,EVODEX-F1
EVODEX-M1,EVODEX-F1
EVODEX-M1,EVODEX-F1
EVODEX-M1,EVODEX-F1
EVODEX-M1,EVODEX-F1
EVODEX-M1,EVODEX-F1
EVODEX-M1,EVODEX-F1
EVODEX-M1,EVODEX-F1
EVODEX-M1,EVODEX-F1
EVODEX-M1,EVODEX-F1
EVODEX-M1,EVODEX-F1
EVODEX-M1,EVODEX-F1
EVODEX-M1,EVODEX-F1
EVODEX-M1,EVODEX-F1
EVODEX-M1,EVODEX-F1
EVODEX-M1,EVODEX-F1
EVODEX-M1,EVODEX-F1
EVODEX-M1,EVODEX-F1
EVODEX-M1,EVODEX-F1
EVODEX-M1,EVODEX-F1
EVODEX-M1,EVODEX-F1
EVODEX-M1,EVODEX-F1
EVODEX-M1,EVODEX-F1
EVODEX-M1,EVODEX-F1
EVODEX-M1,EVODEX-F1
EVODEX-M1,EVODEX-F1
EVODEX-M1,EVODEX-F1
EVODEX-M1,EVODEX-F1
EVODEX-M1,EVODEX-F1
EVODEX-M1,EVODEX-F1
EVODEX-M1,EVODEX-F1
EVODEX-M1,EVODEX-F1
EVODEX-M1,EVODEX-F1
EVODEX-M1,EVODEX-F1
EVODEX-M1,EVODEX-F1
EVODEX-M1,EVODEX-F1
EVODEX-M1,EVODEX-F1
EVODEX-M1,EVODEX-F1
EVODEX-M1,EVODEX-F1
EVODEX-M1,EVODEX-F1
EVODEX-M1,EVODEX-F1
EVODEX-M1,EVODEX-F1
EVODEX-M1,EVODEX-F1
EVODEX-M1,EVODEX-F1
EVODEX-M1,EVODEX-F1
EVODEX-M1,EVODEX-F1
EVODEX-M1,EVODEX-F1
EVODEX-M2,EVODEX-F2
EVODEX-M3,EVODEX-F3
EVODEX-M3,EVODEX-F3
EVODEX-M3,EVODEX-F3
EVODEX-M3,EVODEX-F3
EVODEX-M3,EVODEX-F3
EVODEX-M3,EVODEX-F3
EVODEX-M3,EVODEX-F3
EVODEX-M3,EVODEX-F3
EVODEX-M3,EVODEX-F3
EVODEX-M4,EVODEX-F4
EVODEX-M5,EVODEX-F5
EVODEX-M5,EVODEX-F5
EVODEX-M5,EVODEX-F5
EVODEX-M5,EVODEX-F5
EVODEX-M5,EVODEX-F5
EVODEX-M5,EVODEX-F5
EVODEX-M5,EVODEX-F5
EVODEX-M5,EVODEX-F5
EVODEX-M5,EVODEX-F5
EVODEX-M5,EVODEX-F5
EVODEX-M5,EVODEX-F5
EVODEX-M5,EVODEX-F5
EVODEX-M5,EVODEX-F5
EVODEX-M5,EVODEX-F5
EVODEX-M5,EVODEX-F5
EVODEX-M5,EVODEX-F5
EVODEX-M5,EVODEX-F5
EVODEX-M5,EVODEX-F5
EVODEX-M5,EVODEX-F5
EVODEX-M5,EVODEX-F5
EVODEX-M5,EVODEX-F5
EVODEX-M5,EVODEX-F5
EVODEX-M6,EVODEX-F6
EVODEX-M6,EVODEX-F6
EVODEX-M6,EVODEX-F6
EVODEX-M6,EVODEX-F6
EVODEX-M6,EVODEX-F6
EVODEX-M6,EVODEX-F6
EVODEX-M6,EVODEX-F6
EVODEX-M6,EVODEX-F6
EVODEX-M6,EVODEX-F6
EVODEX-M6,EVODEX-F6
EVODEX-M6,EVODEX-F6
EVODEX-M6,EVODEX-F6
EVODEX-M6,EVODEX-F6
EVODEX-M6,EVODEX-F6
EVODEX-M6,EVODEX-F6
EVODEX-M6,EVODEX-F6
EVODEX-M6,EVODEX-F6
EVODEX-M6,EVODEX-F6
EVODEX-M6,EVODEX-F6
EVODEX-M6,EVODEX-F6
EVODEX-M6,EVODEX-F6
EVODEX-M6,EVODEX-F6
EVODEX-M6,EVODEX-F6
EVODEX-M6,EVODEX-F6
EVODEX-M6,EVODEX-F6
EVODEX-M6,EVODEX-F6
EVODEX-M6,EVODEX-F6
EVODEX-M6,EVODEX-F6
EVODEX-M6,EVODEX-F6
EVODEX-M6,EVODEX-F6
EVODEX-M6,EVODEX-F6
EVODEX-M6,EVODEX-F6
EVODEX-M6,EVODEX-F6
EVODEX-M6,EVODEX-F6
EVODEX-M6,EVODEX-F6
EVODEX-M6,EVODEX-F6
EVODEX-M6,EVODEX-F6
EVODEX-M6,EVODEX-F6
EVODEX-M6,EVODEX-F6
EVODEX-M6,EVODEX-F6
EVODEX-M6,EVODEX-F6
EVODEX-M6,EVODEX-F6
EVODEX-M6,EVODEX-F6
EVODEX-M6,EVODEX-F6
EVODEX-M6,EVODEX-F6
EVODEX-M6,EVODEX-F6
EVODEX-M6,EVODEX-F6
EVODEX-M6,EVODEX-F6
EVODEX-M6,EVODEX-F6
EVODEX-M6,EVODEX-F6
EVODEX-M6,EVODEX-F6
EVODEX-M6,EVODEX-F6
EVODEX-M6,EVODEX-F6
EVODEX-M6,EVODEX-F6
EVODEX-M6,EVODEX-F6
EVODEX-M6,EVODEX-F6
EVODEX-M6,EVODEX-F6
EVODEX-M6,EVODEX-F6
EVODEX-M6,EVODEX-F6
EVODEX-M6,EVODEX-F6
EVODEX-M6,EVODEX-F6
EVODEX-M6,EVODEX-F6
EVODEX-M6,EVODEX-F6
EVODEX-M6,EVODEX-F6
EVODEX-M6,EVODEX-F6
EVODEX-M6,EVODEX-F6
EVODEX-M6,EVODEX-F6
EVODEX-M6,EVODEX-F6
EVODEX-M6,EVODEX-F6
EVODEX-M6,EVODEX-F6
EVODEX-M6,EVODEX-F6
EVODEX-M6,EVODEX-F6
EVODEX-M6,EVODEX-F6
EVODEX-M6,EVODEX-F6
EVODEX-M6,EVODEX-F6
EVODEX-M6,EVODEX-F6
EVODEX-M6,EVODEX-F6
EVODEX-M6,EVODEX-F6
EVODEX-M6,EVODEX-F6
EVODEX-M7,EVODEX-F7
EVODEX-M7,EVODEX-F7
EVODEX-M7,EVODEX-F7
EVODEX-M7,EVODEX-F7
EVODEX-M8,EVODEX-F8
EVODEX-M8,EVODEX-F8
EVODEX-M8,EVODEX-F8
EVODEX-M8,EVODEX-F8
EVODEX-M8,EVODEX-F8
EVODEX-M8,EVODEX-F8
EVODEX-M8,EVODEX-F8
EVODEX-M9,EVODEX-F9
EVODEX-M9,EVODEX-F9
EVODEX-M9,EVODEX-F9
EVODEX-M9,EVODEX-F9
EVODEX-M9,EVODEX-F9
EVODEX-M10,EVODEX-F10
EVODEX-M10,EVODEX-F10
EVODEX-M10,EVODEX-F10
EVODEX-M10,EVODEX-F10
EVODEX-M10,EVODEX-F10
EVODEX-M10,EVODEX-F10
EVODEX-M10,EVODEX-F10
EVODEX-M10,EVODEX-F10
EVODEX-M10,EVODEX-F10
EVODEX-M10,EVODEX-F10
EVODEX-M10,EVODEX-F10
EVODEX-M10,EVODEX-F10
EVODEX-M10,EVODEX-F10
EVODEX-M10,EVODEX-F10
EVODEX-M10,EVODEX-F10
EVODEX-M10,EVODEX-F10
EVODEX-M10,EVODEX-F10
EVODEX-M10,EVODEX-F10
EVODEX-M10,EVODEX-F10
EVODEX-M10,EVODEX-F10
EVODEX-M10,EVODEX-F10
EVODEX-M11,EVODEX-F11
EVODEX-M11,EVODEX-F11
EVODEX-M11,EVODEX-F11
EVODEX-M11,EVODEX-F11
EVODEX-M11,EVODEX-F11
EVODEX-M11,EVODEX-F11
EVODEX-M11,EVODEX-F11
EVODEX-M11,EVODEX-F11
EVODEX-M11,EVODEX-F11
EVODEX-M11,EVODEX-F11
EVODEX-M11,EVODEX-F11
EVODEX-M11,EVODEX-F11
EVODEX-M11,EVODEX-F11
EVODEX-M11,EVODEX-F11
EVODEX-M11,EVODEX-F11
EVODEX-M11,EVODEX-F11
EVODEX-M11,EVODEX-F11
EVODEX-M11,EVODEX-F11
EVODEX-M11,EVODEX-F11
EVODEX-M11,EVODEX-F11
EVODEX-M11,EVODEX-F11
EVODEX-M11,EVODEX-F11
EVODEX-M11,EVODEX-F11
EVODEX-M11,EVODEX-F11
EVODEX-M11,EVODEX-F11
EVODEX-M11,EVODEX-F11
EVODEX-M11,EVODEX-F11
EVODEX-M11,EVODEX-F11
EVODEX-M11,EVODEX-F11
EVODEX-M11,EVODEX-F11
EVODEX-M11,EVODEX-F11
EVODEX-M11,EVODEX-F11
EVODEX-M11,EVODEX-F11
EVODEX-M11,EVODEX-F11
EVODEX-M11,EVODEX-F11
EVODEX-M11,EVODEX-F11
EVODEX-M11,EVODEX-F11
EVODEX-M11,EVODEX-F11
EVODEX-M11,EVODEX-F11
EVODEX-M11,EVODEX-F11
EVODEX-M11,EVODEX-F11
EVODEX-M11,EVODEX-F11
EVODEX-M11,EVODEX-F11
EVODEX-M11,EVODEX-F11
EVODEX-M11,EVODEX-F11
EVODEX-M11,EVODEX-F11
EVODEX-M11,EVODEX-F11
EVODEX-M11,EVODEX-F11
EVODEX-M12,EVODEX-F12
EVODEX-M12,EVODEX-F12
EVODEX-M12,EVODEX-F12
EVODEX-M12,EVODEX-F12
EVODEX-M12,EVODEX-F12
EVODEX-M12,EVODEX-F12
EVODEX-M12,EVODEX-F12
EVODEX-M12,EVODEX-F12
EVODEX-M13,EVODEX-F13
EVODEX-M16,EVODEX-F16
EVODEX-M16,EVODEX-F16
EVODEX-M16,EVODEX-F16
EVODEX-M16,EVODEX-F16
EVODEX-M16,EVODEX-F16
EVODEX-M16,EVODEX-F16
EVODEX-M16,EVODEX-F16
EVODEX-M16,EVODEX-F16
EVODEX-M16,EVODEX-F16
EVODEX-M16,EVODEX-F16
EVODEX-M16,EVODEX-F16
EVODEX-M16,EVODEX-F16
EVODEX-M16,EVODEX-F16
EVODEX-M16,EVODEX-F16
EVODEX-M16,EVODEX-F16
EVODEX-M16,EVODEX-F16
EVODEX-M16,EVODEX-F16
EVODEX-M16,EVODEX-F16
EVODEX-M16,EVODEX-F16
EVODEX-M16,EVODEX-F16
EVODEX-M16,EVODEX-F16
EVODEX-M16,EVODEX-F16
EVODEX-M16,EVODEX-F16
EVODEX-M16,EVODEX-F16
EVODEX-M16,EVODEX-F16
EVODEX-M16,EVODEX-F16
EVODEX-M16,EVODEX-F16
EVODEX-M16,EVODEX-F16
EVODEX-M16,EVODEX-F16
EVODEX-M16,EVODEX-F16
EVODEX-M16,EVODEX-F16
EVODEX-M16,EVODEX-F16
EVODEX-M16,EVODEX-F16
EVODEX-M16,EVODEX-F16
EVODEX-M16,EVODEX-F16
EVODEX-M16,EVODEX-F16
EVODEX-M16,EVODEX-F16
EVODEX-M16,EVODEX-F16
EVODEX-M16,EVODEX-F16
EVODEX-M16,EVODEX-F16
EVODEX-M16,EVODEX-F16
EVODEX-M16,EVODEX-F16
EVODEX-M16,EVODEX-F16
EVODEX-M16,EVODEX-F16
EVODEX-M17,EVODEX-F17
EVODEX-M18,EVODEX-F18
EVODEX-M18,EVODEX-F18
EVODEX-M20,EVODEX-F20
EVODEX-M20,EVODEX-F20
EVODEX-M20,EVODEX-F20
EVODEX-M20,EVODEX-F20
EVODEX-M20,EVODEX-F20
EVODEX-M20,EVODEX-F20
EVODEX-M20,EVODEX-F20
EVODEX-M20,EVODEX-F20
EVODEX-M20,EVODEX-F20
EVODEX-M20,EVODEX-F20
EVODEX-M20,EVODEX-F20
EVODEX-M20,EVODEX-F20
EVODEX-M20,EVODEX-F20
EVODEX-M20,EVODEX-F20
EVODEX-M21,EVODEX-F21
EVODEX-M21,EVODEX-F21
EVODEX-M21,EVODEX-F21
EVODEX-M24,EVODEX-F24
EVODEX-M25,EVODEX-F25
EVODEX-M25,EVODEX-F25
EVODEX-M25,EVODEX-F25
EVODEX-M25,EVODEX-F25
EVODEX-M25,EVODEX-F25
EVODEX-M25,EVODEX-F25
EVODEX-M25,EVODEX-F25
EVODEX-M25,EVODEX-F25
EVODEX-M25,EVODEX-F25
EVODEX-M25,EVODEX-F25
EVODEX-M25,EVODEX-F25
EVODEX-M25,EVODEX-F25
EVODEX-M25,EVODEX-F25
EVODEX-M25,EVODEX-F25
EVODEX-M25,EVODEX-F25
EVODEX-M25,EVODEX-F25
EVODEX-M25,EVODEX-F25
EVODEX-M25,EVODEX-F25
EVODEX-M25,EVODEX-F25
EVODEX-M25,EVODEX-F25
EVODEX-M25,EVODEX-F25
EVODEX-M25,EVODEX-F25
EVODEX-M25,EVODEX-F25
EVODEX-M25,EVODEX-F25
EVODEX-M25,EVODEX-F25
EVODEX-M25,EVODEX-F25
EVODEX-M25,EVODEX-F25
EVODEX-M26,EVODEX-F26
EVODEX-M29,EVODEX-F29
EVODEX-M30,EVODEX-F30
EVODEX-M30,EVODEX-F30
EVODEX-M30,EVODEX-F30
EVODEX-M30,EVODEX-F30
EVODEX-M30,EVODEX-F30
EVODEX-M31,EVODEX-F31
EVODEX-M32,EVODEX-F32
EVODEX-M32,EVODEX-F32
EVODEX-M32,EVODEX-F32
EVODEX-M32,EVODEX-F32
EVODEX-M33,EVODEX-F33
EVODEX-M34,EVODEX-F34
EVODEX-M35,EVODEX-F35
EVODEX-M36,EVODEX-F36
EVODEX-M36,EVODEX-F36
EVODEX-M36,EVODEX-F36
EVODEX-M36,EVODEX-F36
EVODEX-M37,EVODEX-F37
EVODEX-M38,EVODEX-F38
EVODEX-M39,EVODEX-F39
EVODEX-M40,EVODEX-F40
EVODEX-M41,EVODEX-F41
EVODEX-M41,EVODEX-F41
EVODEX-M42,EVODEX-F42
EVODEX-M42,EVODEX-F42
EVODEX-M43,EVODEX-F43
EVODEX-M43,EVODEX-F43
EVODEX-M43,EVODEX-F43
EVODEX-M44,EVODEX-F44
EVODEX-M44,EVODEX-F44
EVODEX-M44,EVODEX-F44
EVODEX-M44,EVODEX-F44
EVODEX-M45,EVODEX-F45
EVODEX-M46,EVODEX-F46
EVODEX-M46,EVODEX-F46
EVODEX-M46,EVODEX-F46
EVODEX-M46,EVODEX-F46
EVODEX-M46,EVODEX-F46
EVODEX-M46,EVODEX-F46
EVODEX-M46,EVODEX-F46
EVODEX-M46,EVODEX-F46
EVODEX-M46,EVODEX-F46
EVODEX-M46,EVODEX-F46
EVODEX-M46,EVODEX-F46
EVODEX-M46,EVODEX-F46
EVODEX-M46,EVODEX-F46
EVODEX-M46,EVODEX-F46
EVODEX-M47,EVODEX-F47
EVODEX-M47,EVODEX-F47
EVODEX-M47,EVODEX-F47
EVODEX-M48,EVODEX-F48
EVODEX-M48,EVODEX-F48
EVODEX-M48,EVODEX-F48
EVODEX-M48,EVODEX-F48
EVODEX-M48,EVODEX-F48
EVODEX-M48,EVODEX-F48
EVODEX-M48,EVODEX-F48
EVODEX-M48,EVODEX-F48
EVODEX-M48,EVODEX-F48
EVODEX-M48,EVODEX-F48
EVODEX-M48,EVODEX-F48
EVODEX-M48,EVODEX-F48
EVODEX-M48,EVODEX-F48
EVODEX-M48,EVODEX-F48
EVODEX-M48,EVODEX-F48
EVODEX-M48,EVODEX-F48
EVODEX-M48,EVODEX-F48
EVODEX-M48,EVODEX-F48
EVODEX-M48,EVODEX-F48
EVODEX-M48,EVODEX-F48
EVODEX-M48,EVODEX-F48
EVODEX-M48,EVODEX-F48
EVODEX-M48,EVODEX-F48
EVODEX-M48,EVODEX-F48
EVODEX-M49,EVODEX-F49
EVODEX-M49,EVODEX-F49
EVODEX-M49,EVODEX-F49
EVODEX-M50,EVODEX-F50
EVODEX-M50,EVODEX-F50
EVODEX-M50,EVODEX-F50
EVODEX-M50,EVODEX-F50
EVODEX-M50,EVODEX-F50
EVODEX-M50,EVODEX-F50
EVODEX-M50,EVODEX-F50
EVODEX-M50,EVODEX-F50
EVODEX-M50,EVODEX-F50
EVODEX-M50,EVODEX-F50
EVODEX-M50,EVODEX-F50
EVODEX-M50,EVODEX-F50
EVODEX-M50,EVODEX-F50
EVODEX-M50,EVODEX-F50
EVODEX-M50,EVODEX-F50
EVODEX-M50,EVODEX-F50
EVODEX-M50,EVODEX-F50
EVODEX-M50,EVODEX-F50
EVODEX-M50,EVODEX-F50
EVODEX-M50,EVODEX-F50
EVODEX-M50,EVODEX-F50
EVODEX-M50,EVODEX-F50
EVODEX-M50,EVODEX-F50
EVODEX-M50,EVODEX-F50
EVODEX-M50,EVODEX-F50
EVODEX-M50,EVODEX-F50
EVODEX-M50,EVODEX-F50
EVODEX-M50,EVODEX-F50
EVODEX-M50,EVODEX-F50
EVODEX-M51,EVODEX-F51
EVODEX-M51,EVODEX-F51
EVODEX-M52,EVODEX-F52
EVODEX-M52,EVODEX-F52
EVODEX-M52,EVODEX-F52
EVODEX-M52,EVODEX-F52
EVODEX-M52,EVODEX-F52
EVODEX-M53,EVODEX-F53
EVODEX-M53,EVODEX-F53
EVODEX-M53,EVODEX-F53
EVODEX-M53,EVODEX-F53
EVODEX-M53,EVODEX-F53
EVODEX-M54,EVODEX-F54
EVODEX-M54,EVODEX-F54
EVODEX-M54,EVODEX-F54
EVODEX-M54,EVODEX-F54
EVODEX-M55,EVODEX-F55
EVODEX-M55,EVODEX-F55
EVODEX-M55,EVODEX-F55
EVODEX-M55,EVODEX-F55
EVODEX-M55,EVODEX-F55
EVODEX-M55,EVODEX-F55
EVODEX-M55,EVODEX-F55
EVODEX-M55,EVODEX-F55
EVODEX-M55,EVODEX-F55
EVODEX-M56,EVODEX-F56
EVODEX-M56,EVODEX-F56
EVODEX-M57,EVODEX-F57
EVODEX-M58,EVODEX-F58
EVODEX-M59,EVODEX-F59
EVODEX-M60,EVODEX-F60
EVODEX-M60,EVODEX-F60
EVODEX-M60,EVODEX-F60
EVODEX-M60,EVODEX-F60
EVODEX-M60,EVODEX-F60
EVODEX-M61,EVODEX-F61
EVODEX-M61,EVODEX-F61
EVODEX-M61,EVODEX-F61
EVODEX-M61,EVODEX-F61
EVODEX-M61,EVODEX-F61
EVODEX-M61,EVODEX-F61
EVODEX-M62,EVODEX-F62
EVODEX-M63,EVODEX-F63
EVODEX-M63,EVODEX-F63
EVODEX-M63,EVODEX-F63
EVODEX-M63,EVODEX-F63
EVODEX-M63,EVODEX-F63
EVODEX-M63,EVODEX-F63
EVODEX-M63,EVODEX-F63
EVODEX-M63,EVODEX-F63
EVODEX-M64,EVODEX-F64
EVODEX-M65,EVODEX-F65
EVODEX-M65,EVODEX-F65
EVODEX-M66,EVODEX-F66
EVODEX-M66,EVODEX-F66
EVODEX-M66,EVODEX-F66
EVODEX-M66,EVODEX-F66
EVODEX-M66,EVODEX-F66
EVODEX-M66,EVODEX-F66
EVODEX-M66,EVODEX-F66
EVODEX-M66,EVODEX-F66
EVODEX-M66,EVODEX-F66
EVODEX-M66,EVODEX-F66
EVODEX-M66,EVODEX-F66
EVODEX-M66,EVODEX-F66
EVODEX-M66,EVODEX-F66
EVODEX-M66,EVODEX-F66
EVODEX-M66,EVODEX-F66
EVODEX-M67,EVODEX-F67
EVODEX-M67,EVODEX-F67
EVODEX-M68,EVODEX-F68
EVODEX-M68,EVODEX-F68
EVODEX-M69,EVODEX-F69
EVODEX-M70,EVODEX-F70
EVODEX-M70,EVODEX-F70
EVODEX-M70,EVODEX-F70
EVODEX-M70,EVODEX-F70
EVODEX-M70,EVODEX-F70
EVODEX-M70,EVODEX-F70
EVODEX-M70,EVODEX-F70
EVODEX-M72,EVODEX-F72
EVODEX-M73,EVODEX-F73
EVODEX-M73,EVODEX-F73
EVODEX-M73,EVODEX-F73
EVODEX-M73,EVODEX-F73
EVODEX-M73,EVODEX-F73
EVODEX-M73,EVODEX-F73
EVODEX-M73,EVODEX-F73
EVODEX-M73,EVODEX-F73
EVODEX-M73,EVODEX-F73
EVODEX-M73,EVODEX-F73
EVODEX-M73,EVODEX-F73
EVODEX-M73,EVODEX-F73
EVODEX-M74,EVODEX-F74
EVODEX-M75,EVODEX-F75
EVODEX-M75,EVODEX-F75
EVODEX-M76,EVODEX-F76
EVODEX-M76,EVODEX-F76
EVODEX-M78,EVODEX-F78
EVODEX-M78,EVODEX-F78
EVODEX-M79,EVODEX-F79
EVODEX-M80,EVODEX-F80
EVODEX-M81,EVODEX-F81
EVODEX-M81,EVODEX-F81
EVODEX-M82,EVODEX-F82
EVODEX-M82,EVODEX-F82
EVODEX-M82,EVODEX-F82
EVODEX-M82,EVODEX-F82
EVODEX-M82,EVODEX-F82
EVODEX-M82,EVODEX-F82
EVODEX-M82,EVODEX-F82
EVODEX-M82,EVODEX-F82
EVODEX-M82,EVODEX-F82
EVODEX-M82,EVODEX-F82
EVODEX-M83,EVODEX-F83
EVODEX-M84,EVODEX-F84
EVODEX-M84,EVODEX-F84
EVODEX-M84,EVODEX-F84
EVODEX-M85,EVODEX-F85
EVODEX-M86,EVODEX-F86
EVODEX-M87,EVODEX-F87
EVODEX-M87,EVODEX-F87
EVODEX-M88,EVODEX-F88
EVODEX-M89,EVODEX-F89
EVODEX-M90,EVODEX-F90
EVODEX-M90,EVODEX-F90
EVODEX-M90,EVODEX-F90
EVODEX-M91,EVODEX-F91
EVODEX-M91,EVODEX-F91
EVODEX-M92,EVODEX-F92
EVODEX-M94,EVODEX-F94
EVODEX-M96,EVODEX-F96
EVODEX-M96,EVODEX-F96
EVODEX-M96,EVODEX-F96
EVODEX-M96,EVODEX-F96
EVODEX-M96,EVODEX-F96
EVODEX-M96,EVODEX-F96
EVODEX-M96,EVODEX-F96
EVODEX-M96,EVODEX-F96
EVODEX-M96,EVODEX-F96
EVODEX-M96,EVODEX-F96
EVODEX-M96,EVODEX-F96
EVODEX-M96,EVODEX-F96
EVODEX-M96,EVODEX-F96
EVODEX-M97,EVODEX-F97
EVODEX-M98,EVODEX-F98
EVODEX-M98,EVODEX-F98
EVODEX-M99,EVODEX-F99
EVODEX-M99,EVODEX-F99
EVODEX-M100,EVODEX-F100
EVODEX-M101,EVODEX-F101
EVODEX-M101,EVODEX-F101
EVODEX-M102,EVODEX-F102
EVODEX-M102,EVODEX-F102
EVODEX-M102,EVODEX-F102
EVODEX-M102,EVODEX-F102
EVODEX-M103,EVODEX-F103
EVODEX-M104,EVODEX-F104
EVODEX-M105,EVODEX-F105
EVODEX-M105,EVODEX-F105
EVODEX-M106,EVODEX-F106
EVODEX-M107,EVODEX-F107
EVODEX-M107,EVODEX-F107
EVODEX-M108,EVODEX-F108
EVODEX-M108,EVODEX-F108
EVODEX-M108,EVODEX-F108
EVODEX-M109,EVODEX-F109
EVODEX-M110,EVODEX-F110
EVODEX-M111,EVODEX-F111
EVODEX-M112,EVODEX-F112
EVODEX-M113,EVODEX-F113
EVODEX-M113,EVODEX-F113
EVODEX-M114,EVODEX-F114
EVODEX-M115,EVODEX-F115
EVODEX-M115,EVODEX-F115
EVODEX-M115,EVODEX-F115
EVODEX-M116,EVODEX-F116
EVODEX-M116,EVODEX-F116
EVODEX-M116,EVODEX-F116
EVODEX-M116,EVODEX-F116
EVODEX-M116,EVODEX-F116
EVODEX-M116,EVODEX-F116
EVODEX-M120,EVODEX-F120
EVODEX-M121,EVODEX-F121
EVODEX-M121,EVODEX-F121
EVODEX-M122,EVODEX-F122
EVODEX-M123,EVODEX-F123
EVODEX-M124,EVODEX-F124
EVODEX-M124,EVODEX-F124
EVODEX-M124,EVODEX-F124
EVODEX-M124,EVODEX-F124
EVODEX-M125,EVODEX-F125
EVODEX-M125,EVODEX-F125
EVODEX-M125,EVODEX-F125
EVODEX-M125,EVODEX-F125
EVODEX-M126,EVODEX-F126
EVODEX-M127,EVODEX-F127
EVODEX-M128,EVODEX-F128
EVODEX-M128,EVODEX-F128
EVODEX-M128,EVODEX-F128
EVODEX-M129,EVODEX-F129
EVODEX-M129,EVODEX-F129
EVODEX-M129,EVODEX-F129
EVODEX-M130,EVODEX-F130
EVODEX-M131,EVODEX-F131
EVODEX-M132,EVODEX-F132
EVODEX-M132,EVODEX-F132
EVODEX-M132,EVODEX-F132
EVODEX-M132,EVODEX-F132
EVODEX-M132,EVODEX-F132
EVODEX-M132,EVODEX-F132
EVODEX-M133,EVODEX-F133
EVODEX-M133,EVODEX-F133
EVODEX-M133,EVODEX-F133
EVODEX-M133,EVODEX-F133
EVODEX-M133,EVODEX-F133
EVODEX-M133,EVODEX-F133
EVODEX-M133,EVODEX-F133
EVODEX-M133,EVODEX-F133
EVODEX-M133,EVODEX-F133
EVODEX-M133,EVODEX-F133
EVODEX-M133,EVODEX-F133
EVODEX-M133,EVODEX-F133
EVODEX-M133,EVODEX-F133
EVODEX-M133,EVODEX-F133
EVODEX-M133,EVODEX-F133
EVODEX-M133,EVODEX-F133
EVODEX-M133,EVODEX-F133
EVODEX-M134,EVODEX-F134
EVODEX-M135,EVODEX-F135
EVODEX-M135,EVODEX-F135
EVODEX-M136,EVODEX-F136
EVODEX-M137,EVODEX-F137
EVODEX-M137,EVODEX-F137
EVODEX-M137,EVODEX-F137
EVODEX-M138,EVODEX-F138
EVODEX-M145,EVODEX-F145
EVODEX-M145,EVODEX-F145
EVODEX-M145,EVODEX-F145
EVODEX-M146,EVODEX-F146
EVODEX-M146,EVODEX-F146
EVODEX-M147,EVODEX-F147
EVODEX-M147,EVODEX-F147
EVODEX-M148,EVODEX-F148
EVODEX-M149,EVODEX-F149
EVODEX-M149,EVODEX-F149
EVODEX-M150,EVODEX-F150
EVODEX-M150,EVODEX-F150
EVODEX-M151,EVODEX-F151
EVODEX-M151,EVODEX-F151
EVODEX-M151,EVODEX-F151
EVODEX-M152,EVODEX-F152
EVODEX-M153,EVODEX-F153
EVODEX-M153,EVODEX-F153
EVODEX-M153,EVODEX-F153
EVODEX-M154,EVODEX-F154
EVODEX-M155,EVODEX-F155
EVODEX-M155,EVODEX-F155
EVODEX-M155,EVODEX-F155
EVODEX-M156,EVODEX-F156
EVODEX-M156,EVODEX-F156
EVODEX-M156,EVODEX-F156
EVODEX-M156,EVODEX-F156
EVODEX-M157,EVODEX-F157
EVODEX-M158,EVODEX-F158
EVODEX-M158,EVODEX-F158
EVODEX-M158,EVODEX-F158
EVODEX-M159,EVODEX-F159
EVODEX-M160,EVODEX-F160
EVODEX-M161,EVODEX-F161
EVODEX-M161,EVODEX-F161
EVODEX-M162,EVODEX-F162
EVODEX-M162,EVODEX-F162
EVODEX-M163,EVODEX-F163
EVODEX-M163,EVODEX-F163
EVODEX-M163,EVODEX-F163
EVODEX-M163,EVODEX-F163
EVODEX-M163,EVODEX-F163
EVODEX-M163,EVODEX-F163
EVODEX-M163,EVODEX-F163
EVODEX-M163,EVODEX-F163
EVODEX-M163,EVODEX-F163
EVODEX-M164,EVODEX-F164
EVODEX-M164,EVODEX-F164
EVODEX-M164,EVODEX-F164
EVODEX-M164,EVODEX-F164
EVODEX-M164,EVODEX-F164
EVODEX-M164,EVODEX-F164
EVODEX-M164,EVODEX-F164
EVODEX-M164,EVODEX-F164
EVODEX-M165,EVODEX-F165
EVODEX-M166,EVODEX-F166
EVODEX-M167,EVODEX-F167
EVODEX-M167,EVODEX-F167
EVODEX-M167,EVODEX-F167
EVODEX-M167,EVODEX-F167
EVODEX-M168,EVODEX-F168
EVODEX-M169,EVODEX-F169
EVODEX-M170,EVODEX-F170
EVODEX-M171,EVODEX-F171
EVODEX-M172,EVODEX-F172
EVODEX-M173,EVODEX-F173
EVODEX-M174,EVODEX-F174
EVODEX-M175,EVODEX-F175
EVODEX-M177,EVODEX-F177
EVODEX-M177,EVODEX-F177
EVODEX-M179,EVODEX-F179
EVODEX-M179,EVODEX-F179
EVODEX-M179,EVODEX-F179
EVODEX-M179,EVODEX-F179
EVODEX-M179,EVODEX-F179
EVODEX-M179,EVODEX-F179
EVODEX-M181,EVODEX-F181
EVODEX-M181,EVODEX-F181
EVODEX-M183,EVODEX-F183
EVODEX-M184,EVODEX-F184
EVODEX-M185,EVODEX-F185
EVODEX-M186,EVODEX-F186
EVODEX-M186,EVODEX-F186
EVODEX-M186,EVODEX-F186
EVODEX-M186,EVODEX-F186
EVODEX-M188,EVODEX-F188
EVODEX-M189,EVODEX-F189
EVODEX-M189,EVODEX-F189
EVODEX-M192,EVODEX-F192
EVODEX-M193,EVODEX-F193
EVODEX-M193,EVODEX-F193
EVODEX-M193,EVODEX-F193
EVODEX-M193,EVODEX-F193
EVODEX-M194,EVODEX-F194
EVODEX-M195,EVODEX-F195
EVODEX-M195,EVODEX-F195
EVODEX-M195,EVODEX-F195
EVODEX-M196,EVODEX-F196
EVODEX-M196,EVODEX-F196
EVODEX-M197,EVODEX-F197
EVODEX-M197,EVODEX-F197
EVODEX-M198,EVODEX-F198
EVODEX-M198,EVODEX-F198
EVODEX-M198,EVODEX-F198
EVODEX-M199,EVODEX-F199
EVODEX-M200,EVODEX-F200
EVODEX-M201,EVODEX-F201
EVODEX-M202,EVODEX-F202
EVODEX-M203,EVODEX-F203
EVODEX-M204,EVODEX-F204
EVODEX-M205,EVODEX-F205
EVODEX-M205,EVODEX-F205
EVODEX-M206,EVODEX-F206
EVODEX-M206,EVODEX-F206
EVODEX-M206,EVODEX-F206
EVODEX-M206,EVODEX-F206
EVODEX-M206,EVODEX-F206
EVODEX-M206,EVODEX-F206
EVODEX-M206,EVODEX-F206
EVODEX-M206,EVODEX-F206
EVODEX-M206,EVODEX-F206
EVODEX-M206,EVODEX-F206
EVODEX-M207,EVODEX-F207
EVODEX-M208,EVODEX-F208
EVODEX-M208,EVODEX-F208
EVODEX-M208,EVODEX-F208
EVODEX-M208,EVODEX-F208
EVODEX-M209,EVODEX-F209
EVODEX-M209,EVODEX-F209
EVODEX-M211,EVODEX-F211
EVODEX-M214,EVODEX-F214
EVODEX-M215,EVODEX-F215
EVODEX-M216,EVODEX-F216
EVODEX-M217,EVODEX-F217
EVODEX-M219,EVODEX-F219
EVODEX-M220,EVODEX-F220
EVODEX-M221,EVODEX-F221
EVODEX-M222,EVODEX-F222
EVODEX-M222,EVODEX-F222
EVODEX-M226,EVODEX-F226
EVODEX-M227,EVODEX-F227
EVODEX-M228,EVODEX-F228
EVODEX-M228,EVODEX-F228
EVODEX-M229,EVODEX-F229
EVODEX-M230,EVODEX-F230
EVODEX-M231,EVODEX-F231
EVODEX-M232,EVODEX-F232
EVODEX-M233,EVODEX-F233
EVODEX-M233,EVODEX-F233
EVODEX-M233,EVODEX-F233
EVODEX-M233,EVODEX-F233
EVODEX-M233,EVODEX-F233
EVODEX-M233,EVODEX-F233
EVODEX-M234,EVODEX-F234
EVODEX-M235,EVODEX-F235
EVODEX-M235,EVODEX-F235
EVODEX-M236,EVODEX-F236
EVODEX-M236,EVODEX-F236
EVODEX-M236,EVODEX-F236
EVODEX-M236,EVODEX-F236
EVODEX-M237,EVODEX-F237
EVODEX-M238,EVODEX-F238
EVODEX-M239,EVODEX-F239
EVODEX-M240,EVODEX-F240
EVODEX-M241,EVODEX-F241
EVODEX-M242,EVODEX-F242
EVODEX-M242,EVODEX-F242
EVODEX-M243,EVODEX-F243
EVODEX-M244,EVODEX-F244
EVODEX-M244,EVODEX-F244
EVODEX-M245,EVODEX-F245
EVODEX-M246,EVODEX-F246
EVODEX-M247,EVODEX-F247
EVODEX-M253,EVODEX-F253
EVODEX-M253,EVODEX-F253
EVODEX-M254,EVODEX-F254
EVODEX-M254,EVODEX-F254
EVODEX-M255,EVODEX-F255
EVODEX-M255,EVODEX-F255
EVODEX-M255,EVODEX-F255
EVODEX-M255,EVODEX-F255
EVODEX-M255,EVODEX-F255
EVODEX-M256,EVODEX-F256
EVODEX-M256,EVODEX-F256
EVODEX-M257,EVODEX-F257
EVODEX-M257,EVODEX-F257
EVODEX-M258,EVODEX-F258
EVODEX-M259,EVODEX-F259
EVODEX-M260,EVODEX-F260
EVODEX-M260,EVODEX-F260
EVODEX-M261,EVODEX-F261
EVODEX-M262,EVODEX-F262
EVODEX-M263,EVODEX-F263
EVODEX-M264,EVODEX-F264
EVODEX-M265,EVODEX-F265
EVODEX-M265,EVODEX-F265
EVODEX-M265,EVODEX-F265
EVODEX-M265,EVODEX-F265
EVODEX-M266,EVODEX-F266
EVODEX-M267,EVODEX-F267
EVODEX-M268,EVODEX-F268
EVODEX-M268,EVODEX-F268
EVODEX-M269,EVODEX-F269
EVODEX-M270,EVODEX-F270
EVODEX-M271,EVODEX-F271
EVODEX-M271,EVODEX-F271
EVODEX-M272,EVODEX-F272
EVODEX-M272,EVODEX-F272
EVODEX-M272,EVODEX-F272
EVODEX-M272,EVODEX-F272
EVODEX-M273,EVODEX-F273
EVODEX-M274,EVODEX-F274
EVODEX-M274,EVODEX-F274
EVODEX-M274,EVODEX-F274
EVODEX-M275,EVODEX-F275
EVODEX-M276,EVODEX-F276
EVODEX-M277,EVODEX-F277
EVODEX-M278,EVODEX-F278
EVODEX-M279,EVODEX-F279
EVODEX-M280,EVODEX-F280
EVODEX-M281,EVODEX-F281
EVODEX-M282,EVODEX-F282
EVODEX-M284,EVODEX-F284
EVODEX-M289,EVODEX-F289
EVODEX-M289,EVODEX-F289
EVODEX-M291,EVODEX-F291
EVODEX-M293,EVODEX-F293
EVODEX-M294,EVODEX-F294
EVODEX-M295,EVODEX-F295
EVODEX-M295,EVODEX-F295
EVODEX-M295,EVODEX-F295
EVODEX-M296,EVODEX-F296
EVODEX-M298,EVODEX-F298
EVODEX-M299,EVODEX-F299
EVODEX-M301,EVODEX-F301
EVODEX-M302,EVODEX-F302
EVODEX-M303,EVODEX-F303
EVODEX-M304,EVODEX-F304
EVODEX-M305,EVODEX-F305
EVODEX-M306,EVODEX-F306
EVODEX-M307,EVODEX-F307
EVODEX-M308,EVODEX-F308
EVODEX-M309,EVODEX-F309
EVODEX-M310,EVODEX-F310
EVODEX-M311,EVODEX-F311
EVODEX-M312,EVODEX-F312
EVODEX-M313,EVODEX-F313
EVODEX-M315,EVODEX-F315
EVODEX-M321,EVODEX-F321
EVODEX-M322,EVODEX-F322
EVODEX-M323,EVODEX-F323
EVODEX-M324,EVODEX-F324
EVODEX-M325,EVODEX-F325
EVODEX-M326,EVODEX-F326
EVODEX-M327,EVODEX-F327
EVODEX-M327,EVODEX-F327
EVODEX-M328,EVODEX-F328
EVODEX-M329,EVODEX-F329
EVODEX-M329,EVODEX-F329
EVODEX-M329,EVODEX-F329
EVODEX-M330,EVODEX-F330
EVODEX-M331,EVODEX-F331
EVODEX-M332,EVODEX-F332
EVODEX-M333,EVODEX-F333
EVODEX-M333,EVODEX-F333
EVODEX-M333,EVODEX-F333
EVODEX-M334,EVODEX-F334
EVODEX-M335,EVODEX-F335
EVODEX-M335,EVODEX-F335
EVODEX-M335,EVODEX-F335
EVODEX-M336,EVODEX-F336
EVODEX-M336,EVODEX-F336
EVODEX-M336,EVODEX-F336
EVODEX-M337,EVODEX-F337
EVODEX-M338,EVODEX-F338
EVODEX-M340,EVODEX-F340
EVODEX-M342,EVODEX-F342
EVODEX-M345,EVODEX-F345
EVODEX-M347,EVODEX-F347
EVODEX-M348,EVODEX-F348
EVODEX-M349,EVODEX-F349
EVODEX-M349,EVODEX-F349
EVODEX-M350,EVODEX-F350
EVODEX-M350,EVODEX-F350
EVODEX-M351,EVODEX-F351
EVODEX-M352,EVODEX-F352
EVODEX-M353,EVODEX-F353
EVODEX-M354,EVODEX-F354
EVODEX-M355,EVODEX-F355
EVODEX-M356,EVODEX-F356
EVODEX-M356,EVODEX-F356
EVODEX-M356,EVODEX-F356
EVODEX-M357,EVODEX-F357
EVODEX-M357,EVODEX-F357
EVODEX-M358,EVODEX-F358
EVODEX-M358,EVODEX-F358
EVODEX-M359,EVODEX-F359
EVODEX-M360,EVODEX-F360
EVODEX-M360,EVODEX-F360
EVODEX-M360,EVODEX-F360
EVODEX-M361,EVODEX-F361
EVODEX-M362,EVODEX-F362
EVODEX-M364,EVODEX-F364
EVODEX-M365,EVODEX-F365
EVODEX-M366,EVODEX-F366
EVODEX-M367,EVODEX-F367
EVODEX-M367,EVODEX-F367
EVODEX-M368,EVODEX-F368
EVODEX-M369,EVODEX-F369
EVODEX-M370,EVODEX-F370
EVODEX-M371,EVODEX-F371
EVODEX-M372,EVODEX-F372
EVODEX-M373,EVODEX-F373
EVODEX-M374,EVODEX-F374
EVODEX-M377,EVODEX-F377
EVODEX-M377,EVODEX-F377
EVODEX-M378,EVODEX-F378
EVODEX-M379,EVODEX-F379
EVODEX-M380,EVODEX-F380
EVODEX-M381,EVODEX-F381
EVODEX-M382,EVODEX-F382
EVODEX-M383,EVODEX-F383
EVODEX-M383,EVODEX-F383
EVODEX-M383,EVODEX-F383
EVODEX-M384,EVODEX-F384
EVODEX-M385,EVODEX-F385
EVODEX-M386,EVODEX-F386
EVODEX-M387,EVODEX-F387
EVODEX-M388,EVODEX-F388
EVODEX-M389,EVODEX-F389
EVODEX-M390,EVODEX-F390
EVODEX-M391,EVODEX-F391
EVODEX-M392,EVODEX-F392
EVODEX-M393,EVODEX-F393
EVODEX-M394,EVODEX-F394
EVODEX-M395,EVODEX-F395
EVODEX-M396,EVODEX-F396
EVODEX-M397,EVODEX-F397
EVODEX-M398,EVODEX-F398
EVODEX-M399,EVODEX-F399
EVODEX-M400,EVODEX-F400
EVODEX-M401,EVODEX-F401
EVODEX-M402,EVODEX-F402
EVODEX-M404,EVODEX-F404
EVODEX-M404,EVODEX-F404
EVODEX-M404,EVODEX-F404
EVODEX-M406,EVODEX-F406
EVODEX-M406,EVODEX-F406
EVODEX-M407,EVODEX-F407
EVODEX-M408,EVODEX-F408
EVODEX-M409,EVODEX-F409
EVODEX-M410,EVODEX-F410
EVODEX-M411,EVODEX-F411
EVODEX-M412,EVODEX-F412
EVODEX-M413,EVODEX-F413
EVODEX-M414,EVODEX-F414
EVODEX-M415,EVODEX-F415
EVODEX-M416,EVODEX-F416
EVODEX-M417,EVODEX-F417
EVODEX-M417,EVODEX-F417
EVODEX-M418,EVODEX-F418
EVODEX-M419,EVODEX-F419
EVODEX-M420,EVODEX-F420
EVODEX-M421,EVODEX-F421
EVODEX-M422,EVODEX-F422
EVODEX-M423,EVODEX-F423
EVODEX-M424,EVODEX-F424
EVODEX-M425,EVODEX-F425
EVODEX-M426,EVODEX-F426
EVODEX-M427,EVODEX-F427
EVODEX-M428,EVODEX-F428
EVODEX-M429,EVODEX-F429
EVODEX-M430,EVODEX-F430
EVODEX-M433,EVODEX-F433
EVODEX-M434,EVODEX-F434
EVODEX-M435,EVODEX-F435
EVODEX-M437,EVODEX-F437
EVODEX-M440,EVODEX-F440
EVODEX-M441,EVODEX-F441
EVODEX-M442,EVODEX-F442
EVODEX-M443,EVODEX-F443
EVODEX-M444,EVODEX-F444
EVODEX-M445,EVODEX-F445
EVODEX-M446,EVODEX-F446
EVODEX-M447,EVODEX-F447
EVODEX-M448,EVODEX-F448
EVODEX-M448,EVODEX-F448
EVODEX-M448,EVODEX-F448
EVODEX-M448,EVODEX-F448
EVODEX-M449,EVODEX-F449
EVODEX-M450,EVODEX-F450
EVODEX-M451,EVODEX-F451
EVODEX-M451,EVODEX-F451
EVODEX-M452,EVODEX-F452
EVODEX-M452,EVODEX-F452
EVODEX-M453,EVODEX-F453
EVODEX-M454,EVODEX-F454
EVODEX-M455,EVODEX-F455
EVODEX-M456,EVODEX-F456
EVODEX-M457,EVODEX-F457
EVODEX-M458,EVODEX-F458
EVODEX-M459,EVODEX-F459
EVODEX-M461,EVODEX-F461
EVODEX-M462,EVODEX-F462
EVODEX-M464,EVODEX-F464
EVODEX-M467,EVODEX-F467
EVODEX-M468,EVODEX-F468
EVODEX-M469,EVODEX-F469
EVODEX-M472,EVODEX-F472
EVODEX-M474,EVODEX-F474
EVODEX-M476,EVODEX-F476
EVODEX-M477,EVODEX-F477
EVODEX-M477,EVODEX-F477
EVODEX-M478,EVODEX-F478
EVODEX-M478,EVODEX-F478
EVODEX-M478,EVODEX-F478
EVODEX-M481,EVODEX-F481
EVODEX-M482,EVODEX-F482
EVODEX-M484,EVODEX-F484
EVODEX-M485,EVODEX-F485
EVODEX-M486,EVODEX-F486
EVODEX-M487,EVODEX-F487
EVODEX-M488,EVODEX-F488
EVODEX-M489,EVODEX-F489
EVODEX-M490,EVODEX-F490
EVODEX-M490,EVODEX-F490
EVODEX-M490,EVODEX-F490
EVODEX-M491,EVODEX-F491
EVODEX-M492,EVODEX-F492
EVODEX-M493,EVODEX-F493
EVODEX-M494,EVODEX-F494
EVODEX-M495,EVODEX-F495
EVODEX-M496,EVODEX-F496
EVODEX-M497,EVODEX-F497
EVODEX-M498,EVODEX-F498
EVODEX-M499,EVODEX-F499
EVODEX-M500,EVODEX-F500
EVODEX-M501,EVODEX-F501
EVODEX-M502,EVODEX-F502
EVODEX-M502,EVODEX-F502
EVODEX-M503,EVODEX-F503
EVODEX-M504,EVODEX-F504
EVODEX-M505,EVODEX-F505
EVODEX-M506,EVODEX-F506
EVODEX-M507,EVODEX-F507
EVODEX-M508,EVODEX-F508
EVODEX-M509,EVODEX-F509
EVODEX-M510,EVODEX-F510
EVODEX-M511,EVODEX-F511
EVODEX-M512,EVODEX-F512
EVODEX-M513,EVODEX-F513
EVODEX-M514,EVODEX-F514
EVODEX-M514,EVODEX-F514
EVODEX-M515,EVODEX-F515
EVODEX-M516,EVODEX-F516
EVODEX-M517,EVODEX-F517
EVODEX-M518,EVODEX-F518
EVODEX-M519,EVODEX-F519
EVODEX-M520,EVODEX-F520
EVODEX-M521,EVODEX-F521
EVODEX-M522,EVODEX-F522
EVODEX-M523,EVODEX-F523
EVODEX-M525,EVODEX-F525
EVODEX-M526,EVODEX-F526
EVODEX-M532,EVODEX-F532
EVODEX-M533,EVODEX-F533
EVODEX-M534,EVODEX-F534
EVODEX-M536,EVODEX-F536
EVODEX-M537,EVODEX-F537
EVODEX-M538,EVODEX-F538
EVODEX-M538,EVODEX-F538
EVODEX-M539,EVODEX-F539
EVODEX-M540,EVODEX-F540
EVODEX-M541,EVODEX-F541
EVODEX-M542,EVODEX-F542
EVODEX-M543,EVODEX-F543
EVODEX-M544,EVODEX-F544
EVODEX-M545,EVODEX-F545
EVODEX-M545,EVODEX-F545
EVODEX-M547,EVODEX-F547
EVODEX-M548,EVODEX-F548
EVODEX-M549,EVODEX-F549
EVODEX-M550,EVODEX-F550
EVODEX-M552,EVODEX-F552
EVODEX-M553,EVODEX-F553
EVODEX-M554,EVODEX-F554
EVODEX-M555,EVODEX-F555
EVODEX-M556,EVODEX-F556
EVODEX-M557,EVODEX-F557
EVODEX-M558,EVODEX-F558
EVODEX-M559,EVODEX-F559
EVODEX-M560,EVODEX-F560
EVODEX-M561,EVODEX-F561
EVODEX-M562,EVODEX-F562
EVODEX-M564,EVODEX-F564
EVODEX-M565,EVODEX-F565
EVODEX-M566,EVODEX-F566
EVODEX-M567,EVODEX-F567
EVODEX-M567,EVODEX-F567
EVODEX-M568,EVODEX-F568
EVODEX-M569,EVODEX-F569
EVODEX-M570,EVODEX-F570
EVODEX-M571,EVODEX-F571
EVODEX-M572,EVODEX-F572
EVODEX-M573,EVODEX-F573
EVODEX-M574,EVODEX-F574
EVODEX-M575,EVODEX-F575
EVODEX-M577,EVODEX-F577
EVODEX-M580,EVODEX-F580
EVODEX-M581,EVODEX-F581
EVODEX-M582,EVODEX-F582
EVODEX-M583,EVODEX-F583
EVODEX-M584,EVODEX-F584
EVODEX-M585,EVODEX-F585
EVODEX-M586,EVODEX-F586
EVODEX-M587,EVODEX-F587
EVODEX-M588,EVODEX-F588
EVODEX-M589,EVODEX-F589
EVODEX-M590,EVODEX-F590
EVODEX-M591,EVODEX-F591
EVODEX-M592,EVODEX-F592
EVODEX-M593,EVODEX-F593
EVODEX-M594,EVODEX-F594
EVODEX-M594,EVODEX-F594
EVODEX-M595,EVODEX-F595
EVODEX-M596,EVODEX-F596
EVODEX-M597,EVODEX-F597
EVODEX-M601,EVODEX-F601
EVODEX-M602,EVODEX-F602
EVODEX-M603,EVODEX-F603
EVODEX-M604,EVODEX-F604
EVODEX-M605,EVODEX-F605
EVODEX-M606,EVODEX-F606
EVODEX-M607,EVODEX-F607
EVODEX-M608,EVODEX-F608
EVODEX-M609,EVODEX-F609
EVODEX-M610,EVODEX-F610
EVODEX-M611,EVODEX-F611
EVODEX-M612,EVODEX-F612
EVODEX-M613,EVODEX-F613
EVODEX-M613,EVODEX-F613
EVODEX-M614,EVODEX-F614
EVODEX-M615,EVODEX-F615
EVODEX-M615,EVODEX-F615
EVODEX-M616,EVODEX-F616
EVODEX-M617,EVODEX-F617
EVODEX-M618,EVODEX-F618
EVODEX-M619,EVODEX-F619
EVODEX-M621,EVODEX-F621
EVODEX-M622,EVODEX-F622
EVODEX-M623,EVODEX-F623
EVODEX-M626,EVODEX-F626
EVODEX-M628,EVODEX-F628
EVODEX-M629,EVODEX-F629
EVODEX-M630,EVODEX-F630
EVODEX-M631,EVODEX-F631
EVODEX-M632,EVODEX-F632
EVODEX-M633,EVODEX-F633
EVODEX-M634,EVODEX-F634
EVODEX-M635,EVODEX-F635
EVODEX-M636,EVODEX-F636
EVODEX-M637,EVODEX-F637
EVODEX-M638,EVODEX-F638
EVODEX-M641,EVODEX-F641
EVODEX-M642,EVODEX-F642
EVODEX-M643,EVODEX-F643
EVODEX-M644,EVODEX-F644
EVODEX-M645,EVODEX-F645
EVODEX-M646,EVODEX-F646
EVODEX-M647,EVODEX-F647
EVODEX-M648,EVODEX-F648
EVODEX-M650,EVODEX-F650
EVODEX-M651,EVODEX-F651
EVODEX-M652,EVODEX-F652
EVODEX-M654,EVODEX-F654
EVODEX-M655,EVODEX-F655
EVODEX-M657,EVODEX-F657
EVODEX-M658,EVODEX-F658
EVODEX-M659,EVODEX-F659
EVODEX-M660,EVODEX-F660
EVODEX-M661,EVODEX-F661
EVODEX-M662,EVODEX-F662
EVODEX-M664,EVODEX-F664
EVODEX-M665,EVODEX-F665
EVODEX-M667,EVODEX-F667
EVODEX-M670,EVODEX-F670
EVODEX-M671,EVODEX-F671
EVODEX-M675,EVODEX-F675
EVODEX-M678,EVODEX-F678
EVODEX-M679,EVODEX-F679
EVODEX-M680,EVODEX-F680
EVODEX-M681,EVODEX-F681
EVODEX-M682,EVODEX-F682
EVODEX-M683,EVODEX-F683
EVODEX-M684,EVODEX-F684
EVODEX-M685,EVODEX-F685
EVODEX-M686,EVODEX-F686
EVODEX-M687,EVODEX-F687
EVODEX-M688,EVODEX-F688
EVODEX-M689,EVODEX-F689
EVODEX-M690,EVODEX-F690
EVODEX-M691,EVODEX-F691
EVODEX-M692,EVODEX-F692
EVODEX-M693,EVODEX-F693
EVODEX-M694,EVODEX-F694
EVODEX-M695,EVODEX-F695
EVODEX-M696,EVODEX-F696
EVODEX-M697,EVODEX-F697
EVODEX-M698,EVODEX-F698
EVODEX-M700,EVODEX-F700
EVODEX-M701,EVODEX-F701
EVODEX-M702,EVODEX-F702
EVODEX-M703,EVODEX-F703
EVODEX-M704,EVODEX-F704
EVODEX-M705,EVODEX-F705
EVODEX-M706,EVODEX-F706
